subject,model,cv_ll_nats,n_trials,n_sessions,task,ll_bits_per_trial
C37,Both,-2025.2180480957031,4148,13,2ADC_DRUG,-0.7043809148279887
C37,Emissions,-2030.5447540283203,4148,13,2ADC_DRUG,-0.706233569657608
C37,No drug,-2046.9805297851562,4148,13,2ADC_DRUG,-0.7119500142520029
C37,Transitions,-2020.0354080200195,4148,13,2ADC_DRUG,-0.7025783668202981
C38,Both,-1271.3724937438965,3608,14,2ADC_DRUG,-0.5083710620418388
C38,Emissions,-1280.4261856079102,3608,14,2ADC_DRUG,-0.511991271674308
C38,No drug,-1234.7236862182617,3608,14,2ADC_DRUG,-0.49371666823038435
C38,Transitions,-1244.6595420837402,3608,14,2ADC_DRUG,-0.49768961999981715
E10,Both,-1119.0323944091797,2198,9,2ADC_DRUG,-0.7344961264823594
E10,Emissions,-1113.7800674438477,2198,9,2ADC_DRUG,-0.7310486714932731
E10,No drug,-1098.2988739013672,2198,9,2ADC_DRUG,-0.720887324290917
E10,Transitions,-1098.5491104125977,2198,9,2ADC_DRUG,-0.7210515713217639
E11,Both,-1348.8960723876953,3212,11,2ADC_DRUG,-0.6058672709552704
E11,Emissions,-1372.9066772460938,3212,11,2ADC_DRUG,-0.6166518228101757
E11,No drug,-1373.3957061767578,3212,11,2ADC_DRUG,-0.6168714739973239
E11,Transitions,-1366.6396026611328,3212,11,2ADC_DRUG,-0.6138369170117309
E13,Both,-707.0300064086914,1397,6,2ADC_DRUG,-0.7301565383002943
E13,Emissions,-707.8310165405273,1397,6,2ADC_DRUG,-0.730983748998148
E13,No drug,-719.4132995605469,1397,6,2ADC_DRUG,-0.7429448816217374
E13,Transitions,-706.476936340332,1397,6,2ADC_DRUG,-0.7295853776382427
N19,Both,-780.5253295898438,1583,6,2ADC_DRUG,-0.7113455605101019
N19,Emissions,-773.7675247192383,1583,6,2ADC_DRUG,-0.7051867155485619
N19,No drug,-774.0400009155273,1583,6,2ADC_DRUG,-0.7054350415480227
N19,Transitions,-776.0049133300781,1583,6,2ADC_DRUG,-0.7072257992209562
N24,Both,-1300.2167510986328,3174,7,2ADC_DRUG,-0.5909944104885814
N24,Emissions,-1312.2580261230469,3174,7,2ADC_DRUG,-0.5964675950392122
N24,No drug,-1302.0934524536133,3174,7,2ADC_DRUG,-0.5918474375012027
N24,Transitions,-1304.1674118041992,3174,7,2ADC_DRUG,-0.5927901252359523
N25,Both,-1247.6151428222656,2673,10,2ADC_DRUG,-0.6733738045221319
N25,Emissions,-1249.2554321289062,2673,10,2ADC_DRUG,-0.6742591158757846
N25,No drug,-1253.396842956543,2673,10,2ADC_DRUG,-0.6764943545077768
N25,Transitions,-1249.3189392089844,2673,10,2ADC_DRUG,-0.6742933924749204
N27,Both,-1122.1867446899414,2256,6,2ADC_DRUG,-0.7176299873738953
N27,Emissions,-1122.6306610107422,2256,6,2ADC_DRUG,-0.7179138685239791
N27,No drug,-1148.9678649902344,2256,6,2ADC_DRUG,-0.7347563124832409
N27,Transitions,-1133.4522552490234,2256,6,2ADC_DRUG,-0.7248341966897951
N28,Both,-1664.309513092041,4851,17,2ADC_DRUG,-0.494968270674544
N28,Emissions,-1657.4799880981445,4851,17,2ADC_DRUG,-0.49293715918406333
N28,No drug,-1666.147388458252,4851,17,2ADC_DRUG,-0.49551485770332254
N28,Transitions,-1657.0094299316406,4851,17,2ADC_DRUG,-0.4927972144441613
14,Both,-1599.410472869873,3733,14,2AFC_DRUG,-0.6181252498138864
14,Emissions,-1595.6000785827637,3733,14,2AFC_DRUG,-0.6166526441503867
14,No drug,-1593.663730621338,3733,14,2AFC_DRUG,-0.6159043024409346
14,Transitions,-1597.3550186157227,3733,14,2AFC_DRUG,-0.6173308770147338
16,Both,-2434.566520690918,5142,18,2AFC_DRUG,-0.683068270345213
16,Emissions,-2436.4524993896484,5142,18,2AFC_DRUG,-0.6835974208928367
16,No drug,-2474.3576049804688,5142,18,2AFC_DRUG,-0.6942324865988361
16,Transitions,-2476.6644287109375,5142,18,2AFC_DRUG,-0.6948797139726501
17,Both,-3040.1738052368164,5752,20,2AFC_DRUG,-0.762524977791322
17,Emissions,-3055.333206176758,5752,20,2AFC_DRUG,-0.7663272018106025
17,No drug,-3098.406478881836,5752,20,2AFC_DRUG,-0.7771306783277225
17,Transitions,-3045.168785095215,5752,20,2AFC_DRUG,-0.7637777998829512
18,Both,-1327.9830474853516,2618,10,2AFC_DRUG,-0.7318084633276277
18,Emissions,-1334.0310516357422,2618,10,2AFC_DRUG,-0.7351413226076295
18,No drug,-1336.8208770751953,2618,10,2AFC_DRUG,-0.736678705085263
18,Transitions,-1328.655616760254,2618,10,2AFC_DRUG,-0.7321790944802465
19,Both,-832.7560558319092,2161,8,2AFC_DRUG,-0.5559523516978011
19,Emissions,-834.544599533081,2161,8,2AFC_DRUG,-0.5571463929417131
19,No drug,-825.4328060150146,2161,8,2AFC_DRUG,-0.5510633113488771
19,Transitions,-854.4851112365723,2161,8,2AFC_DRUG,-0.5704587841251537
20,Both,-2887.5581665039062,6393,22,2AFC_DRUG,-0.6516292581094343
20,Emissions,-2878.246292114258,6393,22,2AFC_DRUG,-0.6495278667433578
20,No drug,-2885.791893005371,6393,22,2AFC_DRUG,-0.6512306668350419
20,Transitions,-2907.383285522461,6393,22,2AFC_DRUG,-0.6561031515699539
22,Both,-2098.1758828163147,4485,18,2AFC_DRUG,-0.6749226178488116
22,Emissions,-2097.670931339264,4485,18,2AFC_DRUG,-0.6747601895340222
22,No drug,-2092.5662174224854,4485,18,2AFC_DRUG,-0.6731181504140905
22,Transitions,-2097.9387130737305,4485,18,2AFC_DRUG,-0.674846327188505
23,Both,-1757.580888748169,4715,18,2AFC_DRUG,-0.53778435464649
23,Emissions,-1734.5759506225586,4715,18,2AFC_DRUG,-0.5307453068946819
23,No drug,-1711.4134693145752,4715,18,2AFC_DRUG,-0.5236580541019542
23,Transitions,-1760.7011489868164,4715,18,2AFC_DRUG,-0.5387390914381294
24,Both,-2243.9902534484863,4854,18,2AFC_DRUG,-0.6669537722400699
24,Emissions,-2232.062732696533,4854,18,2AFC_DRUG,-0.6634087011566453
24,No drug,-2243.984157562256,4854,18,2AFC_DRUG,-0.6669519604343768
24,Transitions,-2238.4757652282715,4854,18,2AFC_DRUG,-0.6653147683652564
25,Both,-1991.2065048217773,4730,18,2AFC_DRUG,-0.6073369450089269
25,Emissions,-1988.2965297698975,4730,18,2AFC_DRUG,-0.6064493749081958
25,No drug,-1988.9597625732422,4730,18,2AFC_DRUG,-0.6066516672287752
25,Transitions,-1987.2601470947266,4730,18,2AFC_DRUG,-0.6061332683234322
