task,model_space,model,score_scale,n_animals,winner_fraction,alpha,expected_frequency,ep,protected_ep,bor,iterations,interpretation
2ADC_DRUG,All four models,No drug,0.01,10,0.2,3.2067843820270383,0.2290560272876456,0.1945029130036055,0.2438291733365576,0.8888080979125391,121,Exploratory CV-score pseudo-evidence
2ADC_DRUG,All four models,Transitions,0.01,10,0.3,4.070368384288162,0.2907405988777259,0.3617687477897962,0.26242777966068115,0.8888080979125391,121,Exploratory CV-score pseudo-evidence
2ADC_DRUG,All four models,Emissions,0.01,10,0.1,3.1394539471751277,0.22424671051250913,0.18407560072731916,0.2426697406508974,0.8888080979125391,121,Exploratory CV-score pseudo-evidence
2ADC_DRUG,All four models,Both,0.01,10,0.4,3.583393286509672,0.2559566633221194,0.2596527384788276,0.2510733063518137,0.8888080979125391,121,Exploratory CV-score pseudo-evidence
2ADC_DRUG,All four models,No drug,0.1,10,0.2,2.547242244918954,0.18194587463706813,0.08161855141219916,0.2255919664302154,0.8550432142347483,91,Exploratory CV-score pseudo-evidence
2ADC_DRUG,All four models,Transitions,0.1,10,0.3,5.230452610079994,0.3736037578628567,0.558394924540879,0.2947039370077632,0.8550432142347483,91,Exploratory CV-score pseudo-evidence
2ADC_DRUG,All four models,Emissions,0.1,10,0.1,1.992240774916671,0.14230291249404795,0.043271322728818305,0.22003327541726744,0.8550432142347483,91,Exploratory CV-score pseudo-evidence
2ADC_DRUG,All four models,Both,0.1,10,0.4,4.2300643700843805,0.3021474550060272,0.31671520131665803,0.25967082114454443,0.8550432142347483,91,Exploratory CV-score pseudo-evidence
2ADC_DRUG,All four models,No drug,1.0,10,0.2,3.0975616877981436,0.22125440627129597,0.14428833837187416,0.230740925489465,0.8178150431663361,35,Exploratory CV-score pseudo-evidence
2ADC_DRUG,All four models,Transitions,1.0,10,0.3,4.119417640847653,0.29424411720340377,0.3090425704591663,0.2607566681504518,0.8178150431663361,35,Exploratory CV-score pseudo-evidence
2ADC_DRUG,All four models,Emissions,1.0,10,0.1,1.8074239244924075,0.12910170889231481,0.035884435724130075,0.21099136516498507,0.8178150431663361,35,Exploratory CV-score pseudo-evidence
2ADC_DRUG,All four models,Both,1.0,10,0.4,4.975596746861797,0.3553997676329855,0.5107846554444302,0.2975110411950254,0.8178150431663361,35,Exploratory CV-score pseudo-evidence
2ADC_DRUG,All four models,No drug,10.0,10,0.2,2.9980864054330985,0.21414902895950702,0.1330318545559684,0.22236870072308773,0.763770732860481,12,Exploratory CV-score pseudo-evidence
2ADC_DRUG,All four models,Transitions,10.0,10,0.3,4.09664842213652,0.29261774443832284,0.30592918673549513,0.26321211079423534,0.763770732860481,12,Exploratory CV-score pseudo-evidence
2ADC_DRUG,All four models,Emissions,10.0,10,0.1,1.904069244368138,0.13600494602629556,0.041120175055889496,0.20065647203322176,0.763770732860481,12,Exploratory CV-score pseudo-evidence
2ADC_DRUG,All four models,Both,10.0,10,0.4,5.001195928062245,0.35722828057587463,0.5199187836521523,0.3137627164493383,0.763770732860481,12,Exploratory CV-score pseudo-evidence
2ADC_DRUG,Transitions vs Emissions,Transitions,0.01,10,0.7,7.523249984917936,0.6269374987431614,0.820316449043758,0.5893399907687517,0.721088345492532,180,Exploratory CV-score pseudo-evidence
2ADC_DRUG,Transitions vs Emissions,Emissions,0.01,10,0.3,4.4767500150820645,0.3730625012568387,0.1796835509566171,0.410660009231353,0.721088345492532,180,Exploratory CV-score pseudo-evidence
2ADC_DRUG,Transitions vs Emissions,Transitions,0.1,10,0.7,9.610717826000826,0.8008931521667355,0.9877431861225497,0.7214681308915238,0.5459329065114238,63,Exploratory CV-score pseudo-evidence
2ADC_DRUG,Transitions vs Emissions,Emissions,0.1,10,0.3,2.389282173999174,0.1991068478332645,0.012256813877645887,0.27853186910856503,0.5459329065114238,63,Exploratory CV-score pseudo-evidence
2ADC_DRUG,Transitions vs Emissions,Transitions,1.0,10,0.7,8.715515904713106,0.7262929920594255,0.9514263342504604,0.7283414975878834,0.49417772012123024,20,Exploratory CV-score pseudo-evidence
2ADC_DRUG,Transitions vs Emissions,Emissions,1.0,10,0.3,3.284484095286894,0.2737070079405745,0.048573665750839955,0.2716585024127743,0.49417772012123024,20,Exploratory CV-score pseudo-evidence
2ADC_DRUG,Transitions vs Emissions,Transitions,10.0,10,0.7,8.591569336567133,0.7159641113805945,0.9429298081872296,0.7369919590172422,0.4649446602224069,12,Exploratory CV-score pseudo-evidence
2ADC_DRUG,Transitions vs Emissions,Emissions,10.0,10,0.3,3.4084306634328674,0.2840358886194056,0.05707019181476407,0.26300804098382446,0.4649446602224069,12,Exploratory CV-score pseudo-evidence
2AFC_DRUG,All four models,No drug,0.01,10,0.4,3.3114606897689085,0.2365329064120649,0.20759834612882536,0.2452158051655177,0.8871696172744173,124,Exploratory CV-score pseudo-evidence
2AFC_DRUG,All four models,Transitions,0.01,10,0.1,2.8158103803551353,0.20112931288250965,0.13625714224358845,0.23716634982704257,0.8871696172744173,124,Exploratory CV-score pseudo-evidence
2AFC_DRUG,All four models,Emissions,0.01,10,0.2,4.158271548989696,0.2970193963564069,0.37601158587905126,0.264217935462591,0.8871696172744173,124,Exploratory CV-score pseudo-evidence
2AFC_DRUG,All four models,Both,0.01,10,0.3,3.7144573808862598,0.26531838434901855,0.28013292574768367,0.2533999095447527,0.8871696172744173,124,Exploratory CV-score pseudo-evidence
2AFC_DRUG,All four models,No drug,0.1,10,0.4,4.192786591821136,0.29948475655865253,0.34213742213508125,0.2640518362224903,0.8474904561374739,78,Exploratory CV-score pseudo-evidence
2AFC_DRUG,All four models,Transitions,0.1,10,0.1,1.7284173023240568,0.12345837873743261,0.03437130595548541,0.21711456622759887,0.8474904561374739,78,Exploratory CV-score pseudo-evidence
2AFC_DRUG,All four models,Emissions,0.1,10,0.2,4.250532718415474,0.3036094798868196,0.35477676608821,0.2659794568035035,0.8474904561374739,78,Exploratory CV-score pseudo-evidence
2AFC_DRUG,All four models,Both,0.1,10,0.3,3.8282633874393337,0.27344738481709524,0.26871450582233786,0.2528541407465773,0.8474904561374739,78,Exploratory CV-score pseudo-evidence
2AFC_DRUG,All four models,No drug,1.0,10,0.4,5.182274841259235,0.3701624886613739,0.5462004099546037,0.3233106403705076,0.7524964925546749,24,Exploratory CV-score pseudo-evidence
2AFC_DRUG,All four models,Transitions,1.0,10,0.1,1.4809770051453484,0.1057840717960963,0.020826030552910792,0.19327863874667764,0.7524964925546749,24,Exploratory CV-score pseudo-evidence
2AFC_DRUG,All four models,Emissions,1.0,10,0.2,3.577132429806845,0.2555094592719175,0.20199911207892707,0.2381196118790445,0.7524964925546749,24,Exploratory CV-score pseudo-evidence
2AFC_DRUG,All four models,Both,1.0,10,0.3,3.759615723788572,0.26854398027061227,0.23097444741415177,0.2452911090039171,0.7524964925546749,24,Exploratory CV-score pseudo-evidence
2AFC_DRUG,All four models,No drug,10.0,10,0.4,5.000000120568836,0.3571428657549168,0.526239040808436,0.3122311427441068,0.7747199578959502,5,Exploratory CV-score pseudo-evidence
2AFC_DRUG,All four models,Transitions,10.0,10,0.1,2.0004692175490986,0.1428906583963642,0.04738072213493689,0.2043539205514664,0.7747199578959502,5,Exploratory CV-score pseudo-evidence
2AFC_DRUG,All four models,Emissions,10.0,10,0.2,3.0000520123020396,0.21428942945014567,0.13537822965735138,0.2241780027511674,0.7747199578959502,5,Exploratory CV-score pseudo-evidence
2AFC_DRUG,All four models,Both,10.0,10,0.3,3.999478649580026,0.2856770463985733,0.29100200739890086,0.25923693395317493,0.7747199578959502,5,Exploratory CV-score pseudo-evidence
2AFC_DRUG,Transitions vs Emissions,Transitions,0.01,10,0.3,3.78061643098459,0.3150513692487158,0.08921806415478656,0.379589409549844,0.7068746701278319,150,Exploratory CV-score pseudo-evidence
2AFC_DRUG,Transitions vs Emissions,Emissions,0.01,10,0.7,8.219383569015411,0.6849486307512842,0.9107819358451239,0.6204105904501298,0.7068746701278319,150,Exploratory CV-score pseudo-evidence
2AFC_DRUG,Transitions vs Emissions,Transitions,0.1,10,0.3,2.1381182931053377,0.17817652442544482,0.007700225707986066,0.23128902759024123,0.45417205848571157,52,Exploratory CV-score pseudo-evidence
2AFC_DRUG,Transitions vs Emissions,Emissions,0.1,10,0.7,9.861881706894662,0.8218234755745552,0.9922997742920197,0.7687109724097618,0.45417205848571157,52,Exploratory CV-score pseudo-evidence
2AFC_DRUG,Transitions vs Emissions,Transitions,1.0,10,0.3,3.869821662098724,0.32248513850822697,0.09852334561503169,0.33208308097214706,0.5817517228116567,17,Exploratory CV-score pseudo-evidence
2AFC_DRUG,Transitions vs Emissions,Emissions,1.0,10,0.7,8.130178337901276,0.677514861491773,0.9014766543844674,0.6679169190276435,0.5817517228116567,17,Exploratory CV-score pseudo-evidence
2AFC_DRUG,Transitions vs Emissions,Transitions,10.0,10,0.3,4.031479705021962,0.33595664208516346,0.11706383039361505,0.33595995368977505,0.5716256145799976,7,Exploratory CV-score pseudo-evidence
2AFC_DRUG,Transitions vs Emissions,Emissions,10.0,10,0.7,7.968520294978037,0.6640433579148365,0.8829361696077095,0.6640400463107923,0.5716256145799976,7,Exploratory CV-score pseudo-evidence
