subject,model,ll_bits,n_trials,n_sessions,base_bits,delta_bits
25,Transitions,-0.5932335240869081,4730,18,-0.594153867608819,0.000920343521910949
24,No drug,-0.6302507136461053,4854,18,-0.6302507136461053,0.0
14,Transitions,-0.593491106899603,3733,14,-0.5931260750361672,-0.0003650318634358385
14,No drug,-0.5931260750361672,3733,14,-0.5931260750361672,0.0
17,No drug,-0.7634095321649146,5752,20,-0.7634095321649146,0.0
23,No drug,-0.499469439163656,4715,18,-0.499469439163656,0.0
19,No drug,-0.5282567749452725,2161,8,-0.5282567749452725,0.0
20,Transitions,-0.6457129765819655,6393,22,-0.6438121557790651,-0.001900820802900327
16,Transitions,-0.6900207736943423,5142,18,-0.6916469292601723,0.001626155565830012
19,Emissions,-0.531275204329469,2161,8,-0.5282567749452725,-0.003018429384196497
18,Transitions,-0.723127878539745,2618,10,-0.7234762058155032,0.0003483272757581757
23,Transitions,-0.49963118820846875,4715,18,-0.499469439163656,-0.00016174904481275343
25,No drug,-0.594153867608819,4730,18,-0.594153867608819,0.0
22,No drug,-0.6704910106220306,4485,18,-0.6704910106220306,0.0
24,Transitions,-0.6311326378452403,4854,18,-0.6302507136461053,-0.0008819241991350202
20,No drug,-0.6438121557790651,6393,22,-0.6438121557790651,0.0
22,Emissions,-0.6724645062105614,4485,18,-0.6704910106220306,-0.0019734955885307714
17,Emissions,-0.7500037873535746,5752,20,-0.7634095321649146,0.013405744811339937
16,No drug,-0.6916469292601723,5142,18,-0.6916469292601723,0.0
20,Emissions,-0.6387903161772971,6393,22,-0.6438121557790651,0.005021839601768052
18,Emissions,-0.7229292331912233,2618,10,-0.7234762058155032,0.00054697262427994
17,Transitions,-0.7581063507291644,5752,20,-0.7634095321649146,0.005303181435750148
23,Emissions,-0.49761776371507754,4715,18,-0.499469439163656,0.0018516754485784492
19,Transitions,-0.545331942155946,2161,8,-0.5282567749452725,-0.017075167210673592
24,Emissions,-0.6264869628309789,4854,18,-0.6302507136461053,0.0037637508151263654
22,Transitions,-0.6710361262186665,4485,18,-0.6704910106220306,-0.0005451155966358368
18,No drug,-0.7234762058155032,2618,10,-0.7234762058155032,0.0
25,Emissions,-0.5939327460604078,4730,18,-0.594153867608819,0.00022112154841125164
14,Emissions,-0.5956786119627585,3733,14,-0.5931260750361672,-0.002552536926591298
16,Emissions,-0.6824058127069303,5142,18,-0.6916469292601723,0.009241116553242001
