subject,test_session,fold,n_saline_train,n_drug_train,drug_mean,drug_sd,saline_z,drug_z,mean_z_train,sd_z_train
14,014_stage_training_v6_20250715-105103,1,1577,1971,0.11104847801578353,0.9938149905945161,-1.117963090243926,0.8944839134016598,-4.0053141812857957e-17,0.9999999999999999
14,014_stage_training_v6_20250716-115311,2,1762,1692,-0.02026635784597568,0.999794616278593,-0.9799349048315152,1.0204759469935756,1.645727239745455e-16,0.9999999999999999
14,014_stage_training_v6_20250807-125619,3,1634,1971,0.09348127600554786,0.995621037863491,-1.098290649173159,0.9105057943931718,1.8921526389173265e-16,0.9999999999999997
14,014_stage_training_v6_20250808-125208,4,1762,1724,-0.010900745840504877,0.9999405851049955,-0.9891580248796863,1.0109608119710016,-1.4675581461482277e-16,1.0
14,014_stage_training_v6_20250811-153532,5,1471,1971,0.1452643811737362,0.9893928742224756,-1.1575425809224205,0.8638991052952211,1.6514648129229522e-16,1.0
14,014_stage_training_v6_20250812-155158,6,1762,1684,-0.022634939059779455,0.999743796946878,-0.9776155290235359,1.02289700839636,-2.5567991652423804e-16,0.9999999999999997
14,014_stage_training_v6_20250821-155044,7,1470,1971,0.14559721011333915,0.9893439505082205,-1.157936235951968,0.8636054118972061,-1.4041530378287361e-16,0.9999999999999998
14,014_stage_training_v6_20250822-160103,8,1762,1680,-0.023823358512492735,0.999716183518695,-0.9764537751621308,1.0241140189498061,-1.4037450909845093e-16,1.0
14,014_stage_training_v6_20250825-154658,9,1471,1971,0.1452643811737362,0.9893928742224756,-1.1575425809224205,0.8638991052952211,1.6514648129229522e-16,1.0
14,014_stage_training_v6_20250826-152243,10,1762,1685,-0.0223382651581085,0.9997504698222082,-0.9779057518380112,1.0225934330792736,6.596277210421586e-17,1.0
14,014_stage_training_v6_20250828-154415,11,1469,1971,0.14593023255813953,0.9892948838569454,-1.158330292875389,0.8633116185864772,1.652424966883954e-16,1.0000000000000002
14,014_stage_training_v6_20250829-171601,12,1762,1679,-0.024120895088637025,0.9997090488837856,-0.9761631206609266,1.02441895092588,1.9823337004640982e-16,0.9999999999999999
14,014_stage_training_v6_20250901-162853,13,1480,1971,0.1422776006954506,0.9898267951214224,-1.154017658771631,0.8665378665560699,6.588631568914288e-17,1.0
14,014_stage_training_v6_20250902-161341,14,1762,1682,-0.023228803716608595,0.9997301749361651,-0.9770348247673531,1.023504971010747,-5.77677020943171e-17,0.9999999999999999
16,016_stage_training_v6_20250715-105230,1,2353,2599,0.049676898222940226,0.9987653406996799,-1.0509744936559318,0.9514978774807262,-6.600356592278798e-17,1.0
16,016_stage_training_v6_20250716-115210,2,2543,2307,-0.04865979381443299,0.9988154106069534,-0.9524684902563357,1.0499034983623154,5.860146274310105e-18,1.0
16,016_stage_training_v6_20250721-110329,3,2245,2599,0.07308009909165979,0.9973260746199073,-1.0759571281645506,0.9294050606885018,1.8188955250671433e-16,1.0
16,016_stage_training_v6_20250722-104715,4,2543,2317,-0.046502057613168724,0.9989181941669406,-0.9545305591135137,1.0476353956951512,2.3392353440661734e-17,1.0
16,016_stage_training_v6_20250728-154411,5,2247,2599,0.07263722657862154,0.9973584277053892,-1.0754781799422153,0.9298189574182986,3.5189900244000007e-17,0.9999999999999998
16,016_stage_training_v6_20250729-154755,6,2543,2310,-0.048011539254069646,0.998846781092303,-0.9530875793631431,1.049221521350854,-9.370437891746633e-17,1.0
16,016_stage_training_v6_20250731-160802,7,2252,2599,0.07153164296021439,0.9974383309535545,-1.0742836020105888,0.9308528940853582,1.0839035754740758e-16,0.9999999999999998
16,016_stage_training_v6_20250801-152144,8,2543,2312,-0.04757981462409887,0.9988674392732683,-0.9535000821218478,1.0487676076279666,-3.512466664931494e-17,1.0
16,016_stage_training_v6_20250807-153355,9,2242,2599,0.07374509398884528,0.9972771235281478,-1.0766767517840685,0.9287838697575533,-1.0567873781187196e-16,1.0
16,016_stage_training_v6_20250808-155634,10,2543,2321,-0.04564144736842105,0.9989578861404096,-0.95535414042213,1.0467322615654788,6.135443030823234e-17,1.0
16,016_stage_training_v6_20250811-153658,11,2244,2599,0.0733016725170349,0.9973098138523481,-1.0761968423544837,0.9291980431871725,0.0,1.0
16,016_stage_training_v6_20250812-155319,12,2543,2305,-0.04909240924092409,0.9987942407497762,-0.9520555405338014,1.050358889187617,2.9312819132017335e-18,0.9999999999999999
16,016_stage_training_v6_20250813-155613,13,2243,2599,0.0735233374638579,0.9972934968444223,-1.076436716834751,0.9289909795538078,0.0,1.0000000000000002
16,016_stage_training_v6_20250814-162637,14,2543,2306,-0.04887605691895236,0.9988048513398677,-0.9522620377795947,1.0501311197196486,7.033625761287855e-17,1.0
16,016_stage_training_v6_20250825-154813,15,2246,2599,0.07285861713106295,0.9973422792149891,-1.0757175740865144,0.9296120320886151,-1.1732387793768423e-16,0.9999999999999998
16,016_stage_training_v6_20250826-152434,16,2543,2304,-0.049308850835568394,0.9987835787743388,-0.9518489984898191,1.050586806926914,-8.795660025914176e-18,1.0
16,016_stage_training_v6_20250828-154729,17,2272,2599,0.0671320057483063,0.9977441023650349,-1.0695447893089978,0.9349772071219865,7.00185820498559e-17,1.0
16,016_stage_training_v6_20250829-180414,18,2543,2310,-0.048011539254069646,0.998846781092303,-0.9530875793631431,1.049221521350854,-9.956090259980798e-17,0.9999999999999999
17,017_stage_training_v6_20250721-110501,1,2628,2830,0.037009893733968485,0.9993148992013481,-1.0377208371082491,0.9636503038588264,-5.2073487413711995e-18,1.0
17,017_stage_training_v6_20250722-104840,2,2922,2555,-0.06700748584991784,0.9977524727306232,-0.9350941637826187,1.0694110162711592,-1.037856835143473e-17,1.0
17,017_stage_training_v6_20250724-113417,3,2630,2830,0.03663003663003663,0.9993288950172922,-1.0373261914057825,0.9640169199283419,1.8739588635431214e-16,1.0000000000000002
17,017_stage_training_v6_20250725-104910,4,2922,2546,-0.06876371616678859,0.9976329742640493,-0.9334457740033919,1.0712995096771059,4.158260340951574e-17,1.0
17,017_stage_training_v6_20250729-154905,5,2629,2830,0.03681993039018135,0.9993219164643903,-1.037523457964836,0.9638336293249308,4.6857553558094167e-17,1.0
17,017_stage_training_v6_20250730-165236,6,2922,2547,-0.06856829402084476,0.9976464248695882,-0.9336290721443837,1.071089182884134,-7.275625014182778e-17,1.0
17,017_stage_training_v6_20250731-160914,7,2629,2830,0.03681993039018135,0.9993219164643903,-1.037523457964836,0.9638336293249308,5.727034323767065e-17,1.0
17,017_stage_training_v6_20250801-152301,8,2922,2546,-0.06876371616678859,0.9976329742640493,-0.9334457740033919,1.0712995096771059,6.23739051142736e-17,1.0
17,017_stage_training_v6_20250807-153525,9,2630,2830,0.03663003663003663,0.9993288950172923,-1.0373261914057823,0.9640169199283418,3.643808901333847e-17,0.9999999999999998
17,017_stage_training_v6_20250808-155735,10,2922,2542,-0.06954612005856516,0.9975787373359556,-0.9327122212189702,1.0721420575931673,-1.2483913366209667e-16,1.0
17,017_stage_training_v6_20250811-153808,11,2628,2830,0.037009893733968485,0.999314899201348,-1.0377208371082491,0.9636503038588264,-1.0414697482742399e-17,1.0
17,017_stage_training_v6_20250812-155451,12,2922,2545,-0.06895920980428023,0.9976194802544552,-0.9332624398615855,1.0715099604226141,-9.877674760886705e-17,0.9999999999999998
17,017_stage_training_v6_20250813-155757,13,2635,2830,0.035681610247026534,0.999363208593442,-1.0363415436362733,0.9649328507002048,-1.352176477933219e-16,0.9999999999999998
17,017_stage_training_v6_20250814-162821,14,2922,2541,-0.06974190005491489,0.9975650692444731,-0.9325287428614915,1.0723530053684682,4.682324453114334e-17,1.0
17,017_stage_training_v6_20250821-155353,15,2621,2830,0.03834158869932123,0.9992646909483055,-1.039105652491265,0.962366047766645,-6.256843022653606e-17,0.9999999999999997
17,017_stage_training_v6_20250822-160527,16,2922,2544,-0.06915477497255763,0.9976059427942954,-0.9330790696977445,1.0717205352424564,-1.0919427333305601e-16,0.9999999999999999
17,017_stage_training_v6_20250825-154939,17,2633,2830,0.03606077246933919,0.9993495988336187,-1.0367350661656016,0.964566582761141,8.32413236109215e-17,1.0
17,017_stage_training_v6_20250826-152544,18,2922,2551,-0.06778731956879225,0.9976997941794308,-0.9343619051238918,1.0702491128075313,1.1424769001806837e-16,1.0
17,017_stage_training_v6_20250901-163121,19,2635,2830,0.035681610247026534,0.999363208593442,-1.0363415436362733,0.9649328507002048,-1.352176477933219e-16,0.9999999999999998
17,017_stage_training_v6_20250902-161621,20,2922,2553,-0.06739726027397261,0.9977262196151618,-0.9347281061589685,1.0698298183300063,2.1802955179488005e-16,1.0
18,018_stage_training_v6_20250813-132232,1,993,1343,0.14982876712328766,0.9887119603516059,-1.1629562635354238,0.85987756492232,-1.2775169050481253e-16,1.0
18,018_stage_training_v6_20250814-133427,2,1275,1084,-0.08096651123357355,0.9967168224017611,-0.9220607780571585,1.0845272066631708,2.409640477355151e-17,1.0
18,018_stage_training_v6_20250821-130830,3,1033,1343,0.13047138047138046,0.9914520759360447,-1.1402178762943085,0.8770253657572754,2.512019772889243e-16,0.9999999999999999
18,018_stage_training_v6_20250822-130529,4,1275,1067,-0.0888129803586678,0.9960483193700047,-0.9148020250841377,1.0931326916422452,1.0922091582990439e-16,1.0000000000000002
18,018_stage_training_v6_20250825-134808,5,1037,1343,0.12857142857142856,0.9917002509604916,-1.1380166814300723,0.8787217413573977,3.582568415597144e-17,1.0
18,018_stage_training_v6_20250826-124313,6,1275,1061,-0.0916095890410959,0.9957950005878325,-0.9122263221071282,1.0962191900910354,1.4600193200550003e-16,1.0
18,018_stage_training_v6_20250828-131642,7,1021,1343,0.1362098138747885,0.9906800122159504,-1.146898897589866,0.8719164366636286,7.21363183512792e-17,0.9999999999999998
18,018_stage_training_v6_20250829-150237,8,1275,1090,-0.07822410147991543,0.996935800313972,-0.9246090853892329,1.0815381503406165,3.6052908368377174e-17,1.0
18,018_stage_training_v6_20250901-132021,9,1016,1343,0.13861805849936415,0.9903459162625283,-1.1497175277870593,0.869778859442779,4.819280954710302e-17,1.0
18,018_stage_training_v6_20250902-142629,10,1275,1070,-0.08742004264392324,0.9961715395172334,-0.9160871608501615,1.0915991869943513,-8.484092367284778e-17,1.0
19,019_stage_training_v6_20250821-131115,1,814,1070,0.13588110403397027,0.990725151374744,-1.146514855767824,0.8722084977523447,-3.771458257750001e-17,0.9999999999999999
19,019_stage_training_v6_20250822-130647,2,1091,801,-0.15327695560253699,0.9881832698853071,-0.8568481881865267,1.167067881787142,-9.013227092094294e-17,0.9999999999999999
19,019_stage_training_v6_20250825-134843,3,811,1070,0.13769271664008506,0.9904749950323193,-1.148633456014669,0.8705997503064454,1.737637737637672e-16,1.0000000000000002
19,019_stage_training_v6_20250826-124419,4,1091,791,-0.1594048884165781,0.9872132908084749,-0.8514827741986937,1.174421879457364,1.8122237681447825e-16,1.0
19,019_stage_training_v6_20250828-131740,5,825,1070,0.12928759894459102,0.9916071383159474,-1.138845774005285,0.8780820220134209,2.9996527103328767e-16,0.9999999999999999
19,019_stage_training_v6_20250829-150337,6,1091,821,-0.1412133891213389,0.9899791809593095,-0.8674794656252062,1.1527650389733253,1.449328802021125e-16,1.0
19,019_stage_training_v6_20250901-132211,7,823,1070,0.13048071843634443,0.9914508470500871,-1.140228708059426,0.8770170343298201,-2.4022575324166093e-16,1.0
19,019_stage_training_v6_20250902-142734,8,1091,797,-0.15572033898305085,0.9878011824385532,-0.8547060643647976,1.169992868534497,-1.881733940042638e-16,0.9999999999999998
20,020_stage_training_v6_20250716-143405,1,2937,3153,0.035467980295566505,0.9993708132488927,-1.0361198932049298,0.9651392725476938,-1.0033936826825717e-16,1.0
20,020_stage_training_v6_20250717-143340,2,3240,2865,-0.06142506142506143,0.9981116980723788,-0.9403506044339309,1.063433144281304,1.1173153584434008e-16,1.0
20,020_stage_training_v6_20250721-144353,3,2928,3153,0.0370004933399112,0.9993152473031737,-1.0377110687927937,0.963659375015953,-2.804312721302813e-17,1.0
20,020_stage_training_v6_20250722-124420,4,3240,2851,-0.06386471843703825,0.9979585651413378,-0.9380502500425755,1.0660409716373007,3.732944926009392e-17,1.0
20,020_stage_training_v6_20250724-113527,5,2949,3153,0.03343166175024582,0.9994410057590278,-1.03400966719932,0.9671089465812858,-2.0261297283228028e-16,1.0
20,020_stage_training_v6_20250725-105109,6,3240,2874,-0.05986261040235525,0.9982066258424733,-0.9418264367902598,1.0617667554629233,-1.3945882939354273e-16,1.0
20,020_stage_training_v6_20250728-140628,7,2941,3153,0.03478831637676403,0.9993947033298056,-1.0354150496585914,0.9657962768937258,3.031524635668298e-17,0.9999999999999998
20,020_stage_training_v6_20250729-135954,8,3240,2858,-0.06264348966874385,0.9980359678899963,-0.9392011315112961,1.0647346627349894,6.525154674084226e-17,1.0
20,020_stage_training_v6_20250731-132940,9,2968,3153,0.030223819637314166,0.99954315601005,-1.0306946863102284,0.9702194192733137,-7.661463904617973e-17,1.0
20,020_stage_training_v6_20250801-123448,10,3240,2882,-0.05847762169225743,0.9982887196403739,-0.9431363490182669,1.0602920787020071,-4.6425529941855615e-17,1.0
20,020_stage_training_v6_20250807-125410,11,2932,3153,0.03631881676253081,0.9993402541421864,-1.037002975179946,0.9643173876395821,-2.1018519710241253e-17,1.0
20,020_stage_training_v6_20250808-125347,12,3240,2842,-0.0654390003288392,0.9978565714750602,-0.9365684672394008,1.067727598119514,2.944044219196732e-16,1.0
20,020_stage_training_v6_20250811-124816,13,2937,3153,0.035467980295566505,0.9993708132488927,-1.0361198932049298,0.9651392725476938,-1.0267284194891431e-16,1.0
20,020_stage_training_v6_20250812-130632,14,3240,2877,-0.05934281510544385,0.9982376622304736,-0.9423178672629332,1.0612130309113323,0.0,0.9999999999999998
20,020_stage_training_v6_20250821-131216,15,2943,3153,0.0344488188976378,0.999406463295369,-1.035063166878792,0.966124611520547,-8.392237036536616e-17,1.0
20,020_stage_training_v6_20250822-130832,16,3240,2859,-0.06246925725528775,0.9980468886269688,-0.9393654280456606,1.0645484389184823,1.491219383133183e-16,0.9999999999999999
20,020_stage_training_v6_20250825-135000,17,2954,3153,0.032585557556901915,0.9994689497121487,-1.0331342037732045,0.9679284611310011,-2.233898890878324e-16,1.0
20,020_stage_training_v6_20250826-124511,18,3240,2875,-0.059689288634505316,0.998217004875346,-0.9419902754340651,1.0615820843152595,-2.3239337228457897e-17,1.0
20,020_stage_training_v6_20250828-131850,19,2954,3153,0.032585557556901915,0.9994689497121487,-1.0331342037732045,0.9679284611310011,-2.233898890878324e-16,1.0
20,020_stage_training_v6_20250829-150437,20,3240,2868,-0.060903732809430254,0.9981436446373224,-0.9408428057785133,1.0628768098753079,-2.093937335245875e-16,1.0
20,020_stage_training_v6_20250901-132301,21,2957,3153,0.032078559738134206,0.9994853505705459,-1.0326099918813045,0.9684198369784388,-6.512339313022194e-17,1.0
20,020_stage_training_v6_20250902-142845,22,3240,2879,-0.05899656806667756,0.9982581855193344,-0.9426453452458036,1.0608443621383825,-3.9481047582682476e-17,0.9999999999999998
22,022_stage_training_v6_20250728-111344,1,2007,2190,0.04360257326661901,0.9990489555595007,-1.044596030514007,0.9573078690600969,1.8622754570791284e-17,1.0
22,022_stage_training_v6_20250729-111013,2,2295,2166,-0.028917283120376596,0.9995818079261627,-0.9714889858733359,1.0293477481898918,-7.645382496409955e-17,0.9999999999999999
22,022_stage_training_v6_20250729-112819,3,2295,1981,-0.0734331150608045,0.9973001441955509,-0.929075254156901,1.0763390753609732,5.3174386212168396e-17,1.0
22,022_stage_training_v6_20250731-114339,4,2248,2190,-0.013068949977467327,0.9999145976264606,-0.9870153434755853,1.0131554758598702,3.842502401586842e-17,0.9999999999999999
22,022_stage_training_v6_20250731-120848,5,2056,2190,0.03155911446066886,0.9995018870889931,-1.0320732034484108,0.9689235188538505,9.371265473990959e-17,1.0000000000000002
22,022_stage_training_v6_20250801-104648,6,2295,1906,-0.09259700071411568,0.9957036684971838,-0.9113183249143073,1.0973114143118234,1.0824740559068415e-16,1.0000000000000002
22,022_stage_training_v6_20250807-110911,7,2005,2190,0.04410011918951132,0.9990271164925761,-1.0451168961811361,0.9568307656818162,-5.0813544869613837e-17,1.0
22,022_stage_training_v6_20250808-110020,8,2295,1895,-0.0954653937947494,0.995432749404807,-0.9086847973869591,1.1004916147773462,6.783224207733654e-17,1.0000000000000002
22,022_stage_training_v6_20250811-105944,9,2005,2190,0.04410011918951132,0.9990271164925761,-1.0451168961811361,0.9568307656818162,-5.0813544869613837e-17,1.0
22,022_stage_training_v6_20250812-111511,10,2295,1894,-0.0957269037956553,0.9954076350368714,-0.9084450072264607,1.100782096929634,-2.578240530807716e-16,1.0
22,022_stage_training_v6_20250821-112414,11,2006,2190,0.0438512869399428,0.9990380696618678,-1.0448563659773669,0.9570693471007298,6.773524649762633e-17,0.9999999999999998
22,022_stage_training_v6_20250822-111421,12,2295,1932,-0.0858765081618169,0.9963057890757904,-0.9175129783057443,1.089902839136482,-6.723848930779278e-17,1.0
22,022_stage_training_v6_20250825-111703,13,1996,2190,0.04634495938843765,0.9989254950892404,-1.0474704715539982,0.954680849872959,5.4317648218641196e-17,1.0
22,022_stage_training_v6_20250826-104321,14,2295,1908,-0.09207708779443255,0.9957518816970905,-0.9117963308873357,1.0967361527182575,-1.04814774249646e-16,0.9999999999999999
22,022_stage_training_v6_20250828-105907,15,2018,2190,0.0408745247148289,0.9991642874068993,-1.0417451242339526,0.9599276989516512,-1.215757532669373e-16,1.0000000000000002
22,022_stage_training_v6_20250829-113614,16,2295,1926,-0.08742004264392324,0.9961715395172331,-0.9160871608501617,1.0915991869943515,1.0100109961053307e-17,1.0000000000000002
22,022_stage_training_v6_20250901-103734,17,2019,2190,0.040627227369921595,0.9991743733684489,-1.0414871068617637,0.9601655108465301,2.701041523440628e-17,1.0
22,022_stage_training_v6_20250902-113857,18,2295,1912,-0.0910387449488947,0.9958473512130914,-0.9127515918417156,1.0955883385338585,2.3645348943763734e-17,1.0
23,023_stage_training_v6_20250715-144855,1,2130,2402,0.06001765225066196,0.9981973158741306,-1.0619319801740748,0.9416798991551955,7.525607086603003e-17,0.9999999999999998
23,023_stage_training_v6_20250716-162117,2,2313,2118,-0.044008124576844956,0.9990311731729039,-0.9569189641870164,1.045020568538512,-1.0904289332359921e-16,1.0
23,023_stage_training_v6_20250721-162743,3,2063,2402,0.07592385218365062,0.9971136187363983,-1.0790383683126559,0.9267511048413858,-7.956805551624862e-17,1.0
23,023_stage_training_v6_20250722-151908,4,2313,2128,-0.04165728439540644,0.9991319585804471,-0.9591753195105416,1.042562271629644,6.399844501329432e-18,1.0
23,023_stage_training_v6_20250731-114549,5,2035,2402,0.08271354518819021,0.9965733638033886,-1.086436367369935,0.9204404694412232,-1.281122805066667e-17,1.0000000000000002
23,023_stage_training_v6_20250801-104930,6,2313,2130,-0.041188386225523295,0.9991513983576951,-0.9596259539349843,1.0420726908223563,1.2793927270044568e-16,0.9999999999999997
23,023_stage_training_v6_20250807-111126,7,2033,2402,0.08320180383314543,0.9965327189003435,-1.0869706365772314,0.9199880533561662,-7.690203228068728e-17,1.0
23,023_stage_training_v6_20250808-110247,8,2313,2124,-0.04259634888438134,0.9990923636289689,-0.9582734149203925,1.0435435069260206,-3.843368415200001e-17,1.0
23,023_stage_training_v6_20250811-110204,9,2051,2402,0.07882326521446216,0.9968886060442916,-1.0821903858398902,0.9240518240456347,-7.659117744550821e-17,0.9999999999999999
23,023_stage_training_v6_20250812-111736,10,2313,2143,-0.0381508078994614,0.9992719929311631,-0.9625499352575145,1.0389071396409852,6.059385987182183e-17,1.0
23,023_stage_training_v6_20250813-113807,11,2031,2402,0.08369050304534176,0.9964917961027164,-1.0875056947620239,0.9195354146801293,-4.4879757729038586e-17,0.9999999999999998
23,023_stage_training_v6_20250814-115054,12,2313,2132,-0.0407199100112486,0.999170600512583,-0.9600763768435866,1.0415837990803076,-2.2379298764097643e-17,1.0
23,023_stage_training_v6_20250821-112640,13,2082,2402,0.07136485280999108,0.9974502783514615,-1.0741035178021023,0.9310089608925801,1.0141555550545587e-16,1.0
23,023_stage_training_v6_20250822-111802,14,2313,2146,-0.03745234357479255,0.9992984148695303,-0.9632234396677982,1.0381807157276877,1.115451704489953e-16,1.0
23,023_stage_training_v6_20250825-111959,15,2040,2402,0.0814948221521837,0.9966737650617599,-1.0851041334324354,0.9215705379692624,-3.199201871950023e-17,0.9999999999999999
23,023_stage_training_v6_20250826-104647,16,2313,2159,-0.03443649373881932,0.9994068880586006,-0.9661365333761484,1.0350503944877403,1.9066441925584082e-17,1.0
23,023_stage_training_v6_20250901-103937,17,2039,2402,0.0817383472190948,0.9966538228461731,-1.0853701881461142,0.9213446351498447,9.599766751994147e-17,0.9999999999999998
23,023_stage_training_v6_20250902-114127,18,2313,2136,-0.03978422117329737,0.9992082944739971,-0.9609765893028132,1.0406080763377372,-9.263088036431965e-17,1.0000000000000002
24,024_stage_training_v6_20250728-111345,1,2091,2487,0.08650065530799476,0.9962517937907502,-1.0905884055413808,0.9169362106904009,6.208324471473134e-17,1.0
24,024_stage_training_v6_20250729-111015,2,2367,2208,-0.03475409836065574,0.9993958938514497,-0.9658293650972499,1.035379577529525,2.4849582015653777e-16,0.9999999999999999
24,024_stage_training_v6_20250731-114435,3,2093,2487,0.08602620087336245,0.996292874993742,-1.0900672163094454,0.9173746215262039,-1.303178816677913e-16,0.9999999999999998
24,024_stage_training_v6_20250801-104813,4,2367,2211,-0.03407601572739188,0.999419243937271,-0.9664852764564485,1.034676910616198,1.2416648942946268e-17,1.0
24,024_stage_training_v6_20250807-111025,5,2079,2487,0.08935611038107753,0.9959997417356917,-1.0937313181253412,0.9143013310746219,1.2449281397461238e-17,1.0
24,024_stage_training_v6_20250808-110129,6,2367,2197,-0.03724802804557406,0.9993060514210429,-0.9634205362665063,1.0379683246894948,0.0,1.0000000000000002
24,024_stage_training_v6_20250811-110055,7,2095,2487,0.08555216062854648,0.9963336930023934,-1.0895467735887747,0.9178128229467161,-9.304357081101268e-17,0.9999999999999999
24,024_stage_training_v6_20250812-111621,8,2367,2201,-0.03633975481611208,0.9993394929751875,-0.9642971702388374,1.0370247169265463,2.4887661497726802e-17,1.0
24,024_stage_training_v6_20250813-113656,9,2072,2487,0.09102873437157272,0.9958482663130511,-1.0955772794694016,0.9127608054123845,2.4936792656638745e-17,1.0000000000000002
24,024_stage_training_v6_20250814-115008,10,2367,2201,-0.03633975481611208,0.9993394929751875,-0.9642971702388374,1.0370247169265463,4.3553407621021903e-17,1.0
24,024_stage_training_v6_20250821-112520,11,2079,2487,0.08935611038107753,0.9959997417356918,-1.0937313181253412,0.9143013310746217,0.0,1.0
24,024_stage_training_v6_20250822-111652,12,2367,2207,-0.034980323567993,0.9993880012102802,-0.9656106289682762,1.0356141181549208,1.5534384253609537e-16,0.9999999999999998
24,024_stage_training_v6_20250825-111813,13,2182,2487,0.06532448061683443,0.9978640750283282,-1.067604804378383,0.9366761894465748,-4.8698581161540384e-17,1.0
24,024_stage_training_v6_20250826-104449,14,2367,2210,-0.034301944505134366,0.9994115151443709,-0.9662666888077279,1.0349109739402227,-1.8629042667951066e-17,0.9999999999999999
24,024_stage_training_v6_20250828-110015,15,2103,2487,0.08366013071895424,0.9964943464606749,-1.0874724323001657,0.9195635404612982,5.572884202040001e-17,0.9999999999999999
24,024_stage_training_v6_20250829-113729,16,2367,2213,-0.033624454148471615,0.9994345381680669,-0.9669223035086073,1.0342092600112396,0.0,0.9999999999999998
24,024_stage_training_v6_20250901-103848,17,2142,2487,0.07453013609850939,0.9972187617635047,-1.077526995378913,0.928050994813684,1.2279848533335065e-16,1.0000000000000002
24,024_stage_training_v6_20250902-114012,18,2367,2248,-0.025785482123510294,0.9996674991774306,-0.9745385527469037,1.0261266700853742,1.0161607922029602e-16,1.0
25,025_stage_training_v6_20250715-145022,1,2193,2353,0.03519577650681918,0.9993804367287173,-1.0358375434037277,0.9654023513320761,-4.3764180821123634e-17,1.0
25,025_stage_training_v6_20250716-160358,2,2377,2065,-0.07023863124718595,0.9975302174272827,-0.9320633626024378,1.0728884323999974,-7.678084492680056e-17,0.9999999999999999
25,025_stage_training_v6_20250724-160438,3,2077,2353,0.062302483069977425,0.9980573132858228,-1.0643702209571968,0.9395227152265608,-4.4910150341496175e-17,1.0
25,025_stage_training_v6_20250725-153354,4,2377,2202,-0.038217951517798644,0.9992694272226,-0.9624852139781839,1.0389769998302194,0.0,1.0
25,025_stage_training_v6_20250731-114710,5,2091,2353,0.05895589558955896,0.998260588411279,-1.0608010652557927,0.9426838195707021,-1.854702010534915e-16,1.0
25,025_stage_training_v6_20250801-105044,6,2377,2076,-0.06759487985627667,0.9977128505823785,-0.9345425586123962,1.0700422263110143,6.382598120459018e-18,1.0
25,025_stage_training_v6_20250807-111415,7,2083,2353,0.06086564472497746,0.9981459679286455,-1.0628361770838868,0.9408787746985704,7.047763835312084e-17,1.0
25,025_stage_training_v6_20250808-110355,8,2377,2072,-0.06855473140031468,0.9976473569366235,-0.9336417944911733,1.0710745875991887,-3.513585117267297e-17,1.0
25,025_stage_training_v6_20250811-110343,9,2195,2353,0.034740545294635,0.9993963650687506,-1.035365528094004,0.9658424709589201,6.24927647986016e-18,1.0
25,025_stage_training_v6_20250812-111902,10,2377,2089,-0.06448723690103,0.9979185318836756,-0.9374640646597592,1.0667075546655087,2.291046886463377e-16,1.0000000000000002
25,025_stage_training_v6_20250813-113922,11,2093,2353,0.05847953216374269,0.9982886077271991,-1.0602941113127395,0.9431345410019397,7.671176634387046e-17,1.0
25,025_stage_training_v6_20250814-115254,12,2377,2081,-0.06639748766262898,0.9977932519475621,-0.9356672943168346,1.068755962802074,-1.2750879062541053e-17,1.0000000000000002
25,025_stage_training_v6_20250821-112757,13,2087,2353,0.05990990990990991,0.9982037881588041,-1.0618171584631264,0.9417817295845919,0.0,1.0
25,025_stage_training_v6_20250822-112005,14,2377,2076,-0.06759487985627667,0.9977128505823785,-0.9345425586123962,1.0700422263110143,3.191299060229509e-18,1.0
25,025_stage_training_v6_20250825-112059,15,2090,2353,0.0591942381273914,0.9982464836765104,-1.0610548150657264,0.9424583780226808,-8.955749089031197e-17,1.0000000000000002
25,025_stage_training_v6_20250826-104721,16,2377,2079,-0.06687612208258528,0.9977612862279209,-0.9352175623541471,1.069269911359215,1.275660207827828e-17,1.0
25,025_stage_training_v6_20250901-104055,17,2107,2353,0.05515695067264574,0.9984776966925677,-1.0567656685450528,0.9462835799508824,-2.5490322359106733e-17,1.0000000000000002
25,025_stage_training_v6_20250902-114251,18,2377,2084,-0.06568034073077786,0.9978407151652456,-0.9363414872427768,1.0679864276276778,1.1786631348632014e-16,0.9999999999999998
