task,model_space,model,score_scale,n_animals,n_sessions,n_trials,winner_fraction,expected_frequency,ep,protected_ep,bor,alpha,interpretation
2ADC_DRUG,All three models,No drug,0.01,10,99,29100,0.2,0.307141919612873,0.26121459745045095,0.32143620510826504,0.8350341547252201,3.9928449549673495,Exploratory CV-score pseudo-evidence; fixed base
2ADC_DRUG,All three models,Transitions,0.01,10,99,29100,0.4,0.37975409367923735,0.46358472463477796,0.3548203641975923,0.8350341547252201,4.936803217830086,Exploratory CV-score pseudo-evidence; fixed base
2ADC_DRUG,All three models,Emissions,0.01,10,99,29100,0.4,0.3131039867078895,0.2752006779138391,0.323743430693989,0.8350341547252201,4.070351827202564,Exploratory CV-score pseudo-evidence; fixed base
2ADC_DRUG,All three models,No drug,0.1,10,99,29100,0.2,0.16763253427062222,0.020489394656355523,0.253906128860652,0.7461123753633192,2.179222945518089,Exploratory CV-score pseudo-evidence; fixed base
2ADC_DRUG,All three models,Transitions,0.1,10,99,29100,0.4,0.6231001459174325,0.9411798795712459,0.4876580491012873,0.7461123753633192,8.100301896926622,Exploratory CV-score pseudo-evidence; fixed base
2ADC_DRUG,All three models,Emissions,0.1,10,99,29100,0.4,0.20926731981194532,0.038330725773277174,0.25843582203828375,0.7461123753633192,2.7204751575552892,Exploratory CV-score pseudo-evidence; fixed base
2ADC_DRUG,All three models,No drug,1.0,10,99,29100,0.2,0.1524328264777804,0.0279161332671902,0.2327744466344043,0.6707491042510004,1.981626744211145,Exploratory CV-score pseudo-evidence; fixed base
2ADC_DRUG,All three models,Transitions,1.0,10,99,29100,0.4,0.4637082808709229,0.6110251039237511,0.42476359754235404,0.6707491042510004,6.028207651321998,Exploratory CV-score pseudo-evidence; fixed base
2ADC_DRUG,All three models,Emissions,1.0,10,99,29100,0.4,0.38385889265129663,0.3610587628071204,0.3424619558226034,0.6707491042510004,4.990165604466856,Exploratory CV-score pseudo-evidence; fixed base
2ADC_DRUG,All three models,No drug,10.0,10,99,29100,0.2,0.23027722629307915,0.10933437959326109,0.28367548403894427,0.7783121373325168,2.993603941810029,Exploratory CV-score pseudo-evidence; fixed base
2ADC_DRUG,All three models,Transitions,10.0,10,99,29100,0.4,0.38510713159256554,0.44610520122977426,0.35833348769631507,0.7783121373325168,5.006392710703352,Exploratory CV-score pseudo-evidence; fixed base
2ADC_DRUG,All three models,Emissions,10.0,10,99,29100,0.4,0.3846156421143553,0.44456041917692746,0.3579910282647324,0.7783121373325168,5.000003347486619,Exploratory CV-score pseudo-evidence; fixed base
2ADC_DRUG,Transitions vs Emissions,Transitions,0.01,10,99,29100,0.6,0.5708299897503553,0.6946866412585171,0.5530129656061111,0.7277010622638603,6.849959877004263,Exploratory CV-score pseudo-evidence; fixed base
2ADC_DRUG,Transitions vs Emissions,Emissions,0.01,10,99,29100,0.4,0.4291700102496447,0.3053133587415912,0.4469870343939184,0.7277010622638603,5.150040122995736,Exploratory CV-score pseudo-evidence; fixed base
2ADC_DRUG,Transitions vs Emissions,Transitions,0.1,10,99,29100,0.6,0.7642092831756077,0.9746444029193321,0.6733019664051605,0.6348804171306872,9.170511398107292,Exploratory CV-score pseudo-evidence; fixed base
2ADC_DRUG,Transitions vs Emissions,Emissions,0.1,10,99,29100,0.4,0.23579071682439237,0.025355597081950704,0.3266980335953078,0.6348804171306872,2.8294886018927086,Exploratory CV-score pseudo-evidence; fixed base
2ADC_DRUG,Transitions vs Emissions,Transitions,1.0,10,99,29100,0.6,0.5856605777570228,0.7311700333108709,0.5698021213311135,0.6980485734617445,7.027926933084274,Exploratory CV-score pseudo-evidence; fixed base
2ADC_DRUG,Transitions vs Emissions,Emissions,1.0,10,99,29100,0.4,0.4143394222429772,0.26882996668670084,0.4301978786681533,0.6980485734617445,4.972073066915726,Exploratory CV-score pseudo-evidence; fixed base
2ADC_DRUG,Transitions vs Emissions,Transitions,10.0,10,99,29100,0.6,0.5833331396121972,0.7255854704139786,0.5692859497905179,0.6928616472356608,6.999997675346367,Exploratory CV-score pseudo-evidence; fixed base
2ADC_DRUG,Transitions vs Emissions,Emissions,10.0,10,99,29100,0.4,0.41666686038780276,0.27441452958615625,0.43071405020952347,0.6928616472356608,5.000002324653633,Exploratory CV-score pseudo-evidence; fixed base
