subject,Emissions,No drug,Transitions
C37,-2049.8304748535156,-2046.9805297851562,-2037.6769561767578
C38,-1253.1749153137207,-1234.7236862182617,-1236.6360092163086
E10,-1095.4264221191406,-1098.2988739013672,-1098.9365615844727
E11,-1368.8230438232422,-1373.3957061767578,-1359.231559753418
E13,-713.442741394043,-719.4132995605469,-715.2860641479492
N19,-770.7966003417969,-774.0400009155273,-774.1789016723633
N24,-1304.4741744995117,-1302.0934524536133,-1302.6567459106445
N25,-1246.6172180175781,-1253.396842956543,-1250.827392578125
N27,-1149.1152114868164,-1148.9678649902344,-1144.4843978881836
N28,-1662.4820442199707,-1666.147388458252,-1661.2217483520508
