subject,model,cv_ll_nats,n_trials,n_sessions
C37,Emissions,-2049.8304748535156,4148,13
C37,No drug,-2046.9805297851562,4148,13
C37,Transitions,-2037.6769561767578,4148,13
C38,Emissions,-1253.1749153137207,3608,14
C38,No drug,-1234.7236862182617,3608,14
C38,Transitions,-1236.6360092163086,3608,14
E10,Emissions,-1095.4264221191406,2198,9
E10,No drug,-1098.2988739013672,2198,9
E10,Transitions,-1098.9365615844727,2198,9
E11,Emissions,-1368.8230438232422,3212,11
E11,No drug,-1373.3957061767578,3212,11
E11,Transitions,-1359.231559753418,3212,11
E13,Emissions,-713.442741394043,1397,6
E13,No drug,-719.4132995605469,1397,6
E13,Transitions,-715.2860641479492,1397,6
N19,Emissions,-770.7966003417969,1583,6
N19,No drug,-774.0400009155273,1583,6
N19,Transitions,-774.1789016723633,1583,6
N24,Emissions,-1304.4741744995117,3174,7
N24,No drug,-1302.0934524536133,3174,7
N24,Transitions,-1302.6567459106445,3174,7
N25,Emissions,-1246.6172180175781,2673,10
N25,No drug,-1253.396842956543,2673,10
N25,Transitions,-1250.827392578125,2673,10
N27,Emissions,-1149.1152114868164,2256,6
N27,No drug,-1148.9678649902344,2256,6
N27,Transitions,-1144.4843978881836,2256,6
N28,Emissions,-1662.4820442199707,4851,17
N28,No drug,-1666.147388458252,4851,17
N28,Transitions,-1661.2217483520508,4851,17
