subject,model,metric,auc,auc_sd_across_repeats,valid_repeats,n_repeats,n_trials,base_auc,delta_auc
14,Both,RT,0.48881848299009595,0.005140046106540907,3,3,3733,0.4922979756920909,-0.003479492701994935
14,Emissions,RT,0.4933626196966909,0.008800951766717881,3,3,3733,0.4922979756920909,0.0010646440045999905
14,No drug,RT,0.4922979756920909,0.00399028395998321,3,3,3733,0.4922979756920909,0.0
14,Transitions,RT,0.49370017219380563,0.003337890658998861,3,3,3733,0.4922979756920909,0.0014021965017147475
14,Both,nLicks,0.4369961578701734,0.018615599826033145,3,3,2222,0.45418513453743525,-0.01718897666726188
14,Emissions,nLicks,0.43855304091416775,0.009849956960903081,3,3,2222,0.45418513453743525,-0.015632093623267507
14,No drug,nLicks,0.45418513453743525,0.019323193353069208,3,3,2222,0.45418513453743525,0.0
14,Transitions,nLicks,0.4419286224249295,0.003943728285772665,3,3,2222,0.45418513453743525,-0.01225651211250578
16,Both,RT,0.43569257627303354,0.0015351262135511689,3,3,5142,0.4656661010872465,-0.02997352481421295
16,Emissions,RT,0.41241724039074423,0.0017626209077891027,3,3,5142,0.4656661010872465,-0.053248860696502254
16,No drug,RT,0.4656661010872465,0.03870420817065657,3,3,5142,0.4656661010872465,0.0
16,Transitions,RT,0.504640857732463,0.024559109254773406,3,3,5142,0.4656661010872465,0.038974756645216546
16,Both,nLicks,0.46711292565235746,0.0026472472530316635,3,3,3654,0.4834207773951464,-0.016307851742788926
16,Emissions,nLicks,0.49119941745515555,0.005019235232996929,3,3,3654,0.4834207773951464,0.007778640060009168
16,No drug,nLicks,0.4834207773951464,0.006846809707999551,3,3,3654,0.4834207773951464,0.0
16,Transitions,nLicks,0.4801237419836238,0.006870447180349611,3,3,3654,0.4834207773951464,-0.0032970354115225975
17,Both,RT,0.5912443775379236,0.0016209394419912505,3,3,5752,0.6212033938865422,-0.02995901634861864
17,Emissions,RT,0.5586583052028847,0.028574220253161257,3,3,5752,0.6212033938865422,-0.06254508868365749
17,No drug,RT,0.6212033938865422,0.0033568786978695753,3,3,5752,0.6212033938865422,0.0
17,Transitions,RT,0.5764018915077433,0.001107124405644593,3,3,5752,0.6212033938865422,-0.044801502378798874
17,Both,nLicks,0.5257950347079449,0.0004746725862225892,3,3,3715,0.5517491569092551,-0.025954122201310215
17,Emissions,nLicks,0.5266061856636511,0.0180940676260626,3,3,3715,0.5517491569092551,-0.02514297124560394
17,No drug,nLicks,0.5517491569092551,0.00554008338284178,3,3,3715,0.5517491569092551,0.0
17,Transitions,nLicks,0.5173684291373425,0.001589190506839934,3,3,3715,0.5517491569092551,-0.03438072777191259
18,Both,RT,0.43688202200951803,0.0008776207646632216,3,3,2618,0.4533354599407909,-0.016453437931272852
18,Emissions,RT,0.4330694459602154,0.0009028128914990278,3,3,2618,0.4533354599407909,-0.02026601398057548
18,No drug,RT,0.4533354599407909,0.01548440238153233,3,3,2618,0.4533354599407909,0.0
18,Transitions,RT,0.44712119487085195,0.0004175479862111646,3,3,2618,0.4533354599407909,-0.00621426506993894
18,Both,nLicks,0.49688592245241575,0.0007888545501473702,3,3,1507,0.4926402580255827,0.004245664426833051
18,Emissions,nLicks,0.5074112779239695,0.0008618768833225057,3,3,1507,0.4926402580255827,0.01477101989838675
18,No drug,nLicks,0.4926402580255827,0.0025758478047876454,3,3,1507,0.4926402580255827,0.0
18,Transitions,nLicks,0.49079135564016113,0.0013837253911176725,3,3,1507,0.4926402580255827,-0.0018489023854215692
19,Both,RT,0.41134517281169325,0.04952862303832548,3,3,2161,0.3949192513806019,0.01642592143109134
19,Emissions,RT,0.43360016517068484,0.05279350158449002,3,3,2161,0.3949192513806019,0.03868091379008293
19,No drug,RT,0.3949192513806019,0.0574337820703593,3,3,2161,0.3949192513806019,0.0
19,Transitions,RT,0.4291006792372447,0.03154080078581192,3,3,2161,0.3949192513806019,0.0341814278566428
19,Both,nLicks,0.5322173023380952,0.02635266157908537,3,3,1160,0.5584735823893684,-0.02625628005127323
19,Emissions,nLicks,0.5276559102808404,0.034734563566943974,3,3,1160,0.5584735823893684,-0.030817672108528038
19,No drug,nLicks,0.5584735823893684,0.026848115581005038,3,3,1160,0.5584735823893684,0.0
19,Transitions,nLicks,0.5308443284872114,0.023877360533624246,3,3,1160,0.5584735823893684,-0.02762925390215698
20,Both,RT,0.5550281376436401,0.015997708602568075,3,3,6393,0.5521554701499742,0.0028726674936658814
20,Emissions,RT,0.5625660342867965,0.0023530461868335752,3,3,6393,0.5521554701499742,0.010410564136822287
20,No drug,RT,0.5521554701499742,0.0010547487063726185,3,3,6393,0.5521554701499742,0.0
20,Transitions,RT,0.5365570603417762,0.0074098833216327915,3,3,6393,0.5521554701499742,-0.015598409808198044
20,Both,nLicks,0.4897704225829395,0.009092572690618268,3,3,4603,0.5196747772821743,-0.029904354699234748
20,Emissions,nLicks,0.49210873158904117,0.002430435850856443,3,3,4603,0.5196747772821743,-0.02756604569313309
20,No drug,nLicks,0.5196747772821743,0.0013966401551761011,3,3,4603,0.5196747772821743,0.0
20,Transitions,nLicks,0.5149371509355186,0.007244738306335898,3,3,4603,0.5196747772821743,-0.004737626346655643
22,Both,RT,0.6191254102105518,0.008268741152704694,3,3,4485,0.6179111662479277,0.0012142439626240398
22,Emissions,RT,0.6176626881438384,0.005028466127053532,3,3,4485,0.6179111662479277,-0.0002484781040893447
22,No drug,RT,0.6179111662479277,0.005721378336609605,3,3,4485,0.6179111662479277,0.0
22,Transitions,RT,0.6221278628737863,0.010965329769904402,3,3,4485,0.6179111662479277,0.004216696625858551
22,Both,nLicks,0.6044292334249373,0.010977851183015745,3,3,2944,0.5890048906267166,0.015424342798220692
22,Emissions,nLicks,0.5853033756132541,0.010052757658919945,3,3,2944,0.5890048906267166,-0.0037015150134624974
22,No drug,nLicks,0.5890048906267166,0.008882728452511495,3,3,2944,0.5890048906267166,0.0
22,Transitions,nLicks,0.6070448777296493,0.02526826870636661,3,3,2944,0.5890048906267166,0.018039987102932753
23,Both,RT,0.5358460305434688,0.010774840634637732,3,3,4715,0.5589230183919849,-0.023076987848516084
23,Emissions,RT,0.529109386614528,0.007200539707230641,3,3,4715,0.5589230183919849,-0.029813631777456884
23,No drug,RT,0.5589230183919849,0.01025333333639621,3,3,4715,0.5589230183919849,0.0
23,Transitions,RT,0.5474527582705147,0.007331838382021742,3,3,4715,0.5589230183919849,-0.011470260121470233
23,Both,nLicks,0.5607306721921769,0.01144980329610885,3,3,2750,0.5657525354571483,-0.005021863264971449
23,Emissions,nLicks,0.5520977415922345,0.004878375179932173,3,3,2750,0.5657525354571483,-0.013654793864913861
23,No drug,nLicks,0.5657525354571483,0.011136818927545295,3,3,2750,0.5657525354571483,0.0
23,Transitions,nLicks,0.5734160859286493,0.01623025605256384,3,3,2750,0.5657525354571483,0.007663550471501024
24,Both,RT,0.5333279250065309,0.034093178827726285,3,3,4854,0.48544984855109186,0.04787807645543907
24,Emissions,RT,0.4635524117697624,0.01495296900217953,3,3,4854,0.48544984855109186,-0.021897436781329438
24,No drug,RT,0.48544984855109186,0.012341872058875221,3,3,4854,0.48544984855109186,0.0
24,Transitions,RT,0.4608746273483155,0.02208558633401591,3,3,4854,0.48544984855109186,-0.02457522120277633
24,Both,nLicks,0.5147681449232521,0.024044163401079014,3,3,3069,0.5315454685110187,-0.016777323587766624
24,Emissions,nLicks,0.5092233883999108,0.02021889564103512,3,3,3069,0.5315454685110187,-0.022322080111107923
24,No drug,nLicks,0.5315454685110187,0.015599509404291195,3,3,3069,0.5315454685110187,0.0
24,Transitions,nLicks,0.5076548361392853,0.025721834494724035,3,3,3069,0.5315454685110187,-0.02389063237173339
25,Both,RT,0.4306560890211943,0.005068015278109064,3,3,4730,0.446970299601487,-0.0163142105802927
25,Emissions,RT,0.42298149834299364,0.005549036837215718,3,3,4730,0.446970299601487,-0.023988801258493342
25,No drug,RT,0.446970299601487,0.0009461361915569032,3,3,4730,0.446970299601487,0.0
25,Transitions,RT,0.4533175335345148,0.0016705309150786222,3,3,4730,0.446970299601487,0.006347233933027829
25,Both,nLicks,0.4430654294558918,0.002290503353692777,3,3,3046,0.4502986974517556,-0.0072332679958638235
25,Emissions,nLicks,0.4465372489870189,0.004532077264973026,3,3,3046,0.4502986974517556,-0.003761448464736694
25,No drug,nLicks,0.4502986974517556,0.0003675182281118775,3,3,3046,0.4502986974517556,0.0
25,Transitions,nLicks,0.4507055304295997,0.003484849733999637,3,3,3046,0.4502986974517556,0.0004068329778441071
