comparison,effect,estimate_bits,ci_low,ci_high,n_subjects,n_sessions,n_trials,n_boot,bootstrap_seed
Both − Emissions,drug,-0.00007177933069715703,-0.001644955857795252,0.0022399362164403245,9,78,21328,20000,1
Both − Emissions,drug − saline,0.0011612578832705508,-0.00048325797774840563,0.002905067142798878,9,156,42422,20000,1
Both − Emissions,overall,-0.0006524691615567819,-0.0017440126763563569,0.0010442826508972628,9,156,42422,20000,1
Both − Emissions,saline,-0.001233037213967708,-0.002527903969730903,0.00017681472149960848,9,78,21094,20000,1
Both − No drug,drug,0.004029510699785787,-0.0015513483229474638,0.010673880521854372,9,78,21328,20000,1
Both − No drug,drug − saline,0.005108036561128794,0.0015547754640155237,0.009185130344842007,9,156,42422,20000,1
Both − No drug,overall,0.0014696327460631381,-0.0027753376803006614,0.006444043815218329,9,156,42422,20000,1
Both − No drug,saline,-0.001078525861343008,-0.004380221698081732,0.0025980603861129902,9,78,21094,20000,1
Both − Transitions,drug,0.0031810707829627036,-0.0023860638556336645,0.008825031431584002,9,78,21328,20000,1
Both − Transitions,drug − saline,0.0038099640926416048,-0.0011827226040777167,0.007995942153414263,9,156,42422,20000,1
Both − Transitions,overall,0.0012475522500136607,-0.0022824390526434628,0.00503884589803036,9,156,42422,20000,1
Both − Transitions,saline,-0.0006288933096789012,-0.003096088797344364,0.0017382991398063486,9,78,21094,20000,1
Emissions − No drug,drug,0.004101290030482944,-0.0005864516720501351,0.009368707574442196,9,78,21328,20000,1
Emissions − No drug,drug − saline,0.003946778677858243,0.00044961239778523027,0.007613176101295707,9,156,42422,20000,1
Emissions − No drug,overall,0.0021221019076199206,-0.0014389724423399845,0.006024885524435256,9,156,42422,20000,1
Emissions − No drug,saline,0.00015451135262470024,-0.002790737443586618,0.003232037034829462,9,78,21094,20000,1
Transitions − Emissions,drug,-0.003252850113659861,-0.008826716935085556,0.002030711850244887,9,78,21328,20000,1
Transitions − Emissions,drug − saline,-0.002648706209371054,-0.007073072498027781,0.0023352928402331345,9,156,42422,20000,1
Transitions − Emissions,overall,-0.0019000214115704422,-0.005677956774134377,0.0013450661492024692,9,156,42422,20000,1
Transitions − Emissions,saline,-0.0006041439042888073,-0.0030509009058490876,0.0016954799301529188,9,78,21094,20000,1
Transitions − No drug,drug,0.0008484399168230817,-0.002306138992820268,0.0046280076203624645,9,78,21328,20000,1
Transitions − No drug,drug − saline,0.001298072468487189,-0.001660957266430971,0.004446396005002851,9,156,42422,20000,1
Transitions − No drug,overall,0.00022208049604947747,-0.0021405586055047413,0.003051480451520246,9,156,42422,20000,1
Transitions − No drug,saline,-0.00044963255166410713,-0.0027934836298274947,0.002097287236421874,9,78,21094,20000,1
